y_true,y_pred,residual,abs_error
1.5401534653512416,2.7995915,-1.2594380759390416,1.2594380759390416
0.024985545208135,-0.9265837,0.9515692525407461,0.9515692525407461
0.77238655067717,0.46456864,0.3078179059151308,0.3078179059151308
-1.7242889383961455,0.24980871,-1.9740976521899,1.9740976521899
-3.1784223013064388,-1.5037256,-1.6746966533801082,1.6746966533801082
-0.7236113907326288,0.4064182,-1.130029595040185,1.130029595040185
-1.1516410045248149,0.08897697,-1.2406179763299106,1.2406179763299106
0.6098265184187649,0.7750975,-0.16527097093822973,0.16527097093822973
1.4388988535298128,0.5959015,0.8429973642720003,0.8429973642720003
-2.163205174470219,-1.8037412,-0.3594639578106733,0.3594639578106733
-0.8483478999330152,-1.4427644,0.5944165015028369,0.5944165015028369
-1.3209135558630605,-1.6240034,0.303089854476295,0.303089854476295
0.5259127986165769,1.002732,-0.4768192398813479,0.4768192398813479
-1.1907756906809546,-1.1294143,-0.06136137068888914,0.06136137068888914
0.7882020585710892,0.50200194,0.2862001173670181,0.2862001173670181
-0.4963660196837157,0.056499332,-0.5528653518732756,0.5528653518732756
2.0822112419367733,0.46466196,1.6175492861033383,1.6175492861033383
1.623743213495588,0.59925896,1.0244842542022226,1.0244842542022226
0.7339399705554275,1.164284,-0.4303440203045579,0.4303440203045579
-0.7468374440637867,1.0699877,-1.816825098749761,1.816825098749761
1.102413169780481,0.8932092,0.20920395080159926,0.20920395080159926
1.077895661387171,0.3511977,0.7266979716155189,0.7266979716155189
0.4064490349552849,0.42840254,-0.021953508112647235,0.021953508112647235
0.191474667557883,-0.01926357,0.21073823682348702,0.21073823682348702
0.2346103061434186,1.9329433,-1.6983330379727923,1.6983330379727923
-0.6374887595636658,0.72441787,-1.3619066248400025,1.3619066248400025
-1.370845030521966,-1.7134906,0.34264557483234315,0.34264557483234315
0.3136359373994282,-0.36314747,0.6767834047742298,0.6767834047742298
-0.736221890594268,0.21863753,-0.9548594166295769,0.9548594166295769
0.5576480877579862,0.44445845,0.11318963291065043,0.11318963291065043
1.5934628896151517,0.46942922,1.1240336648856137,1.1240336648856137
-0.4266901991553528,0.51652277,-0.9432129643149597,0.9432129643149597
-0.0617178647630992,-1.5661699,1.5044519932157217,1.5044519932157217
-0.3244884055149005,1.5078697,-1.8323581259738848,1.8323581259738848
0.740340946094454,1.6716626,-0.9313216229515665,0.9313216229515665
-0.5321505256882294,0.05058221,-0.5827327371528729,0.5827327371528729
-0.0979683590909757,0.46558353,-0.5635518921396054,0.5635518921396054
-1.0132836259187026,-1.2596172,0.2463335835158067,0.2463335835158067
-2.9820867771962507,-1.6076792,-1.3744075293401106,1.3744075293401106
-0.29084527972236,0.002171205,-0.29301648461341584,0.29301648461341584
0.765125046405322,2.6015093,-1.8363842862515383,1.8363842862515383
1.368471940208031,0.1066936,1.2617783371096385,1.2617783371096385
1.021691162047598,0.5015883,0.5201028770782681,0.5201028770782681
0.5765646075625938,0.7553848,-0.17882019525570458,0.17882019525570458
-3.758797247643811,-2.8206842,-0.9381130530789918,0.9381130530789918
0.0619817027477952,0.47140205,-0.40942034631684104,0.40942034631684104
0.2198245425534675,0.21876541,0.0010591347527930672,0.0010591347527930672
0.8064421417777979,0.44580647,0.3606356682842219,0.3606356682842219
1.697053031914492,1.7707198,-0.0736667347023292,0.0736667347023292
-1.439841577643569,-0.20002982,-1.2398117574397878,1.2398117574397878
1.2630535300953678,0.95346564,0.30958788955047645,0.30958788955047645
-0.760519764894327,-1.5906677,0.830147959715048,0.830147959715048
0.3265166798639866,0.9492295,-0.622712798972073,0.622712798972073
-1.268385756597972,-0.9995853,-0.2688004857163191,0.2688004857163191
-1.1182739542789992,-1.0267292,-0.0915447281666335,0.0915447281666335
5.941627922479635,1.9645306,3.9770973352832852,3.9770973352832852
0.6620141687839812,0.3059359,0.35607827930148306,0.35607827930148306
-3.402941978545648,-2.247543,-1.1553988820032894,1.1553988820032894
-2.0258169004938456,-1.325279,-0.7005379030725809,0.7005379030725809
-0.1344449921265243,-0.70246035,0.5680153564795853,0.5680153564795853
0.7086244453382767,0.8357339,-0.12710944519517053,0.12710944519517053
-0.4081275443883559,0.33263394,-0.7407614867540022,0.7407614867540022
0.060098700400789,0.9437064,-0.8836076928410933,0.8836076928410933
0.6108136518723094,0.64901793,-0.03820427815851335,0.03820427815851335
-1.8691105877581984,-1.4144595,-0.4546511208239943,0.4546511208239943
-0.0152498969926035,0.17907614,-0.19432603215114233,0.19432603215114233
0.5546296805617175,1.2784892,-0.723859551501576,0.723859551501576
0.1956124913592699,0.5385954,-0.3429828870396254,0.3429828870396254
-0.5882513517853536,-0.74403954,0.15578818373710734,0.15578818373710734
-1.0610421967460657,-2.0601628,0.9991205859230017,0.9991205859230017
1.7429888296416705,0.53759176,1.2053970742515032,1.2053970742515032
0.700658275561948,0.42002943,0.28062884398045085,0.28062884398045085
0.7222564836007407,0.51791084,0.20434564547360445,0.20434564547360445
0.636690814803695,0.9151547,-0.2784638807071692,0.2784638807071692
-3.01295902396784,-1.3084377,-1.704521318927862,1.704521318927862
0.6724583816964436,0.22005315,0.452405230446558,0.452405230446558
0.0516630299353444,0.5375898,-0.48592675850154526,0.48592675850154526
-0.6811110524116323,-0.8936797,0.21256862602846172,0.21256862602846172
1.467463989547865,0.14482585,1.3226381435910626,1.3226381435910626
0.2080015212682937,0.20382182,0.00417969826738579,0.00417969826738579
-2.3873133082001625,-1.7367308,-0.65058249422006,0.65058249422006
-1.2677176673451376,0.40697652,-1.6746941883603048,1.6746941883603048
-0.3802455193851495,0.7626748,-1.1429203278873468,1.1429203278873468
1.007415378322125,1.0358691,-0.02845374322938876,0.02845374322938876
1.7862514083079206,2.386688,-0.6004365856953753,0.6004365856953753
-0.6878416454345129,-2.1416678,1.4538261974304774,1.4538261974304774
-1.1252690327028945,0.4402526,-1.5655216348032668,1.5655216348032668
-1.4379029295013015,-0.6232674,-0.8146355173156326,0.8146355173156326
-0.7692621930097546,0.006712185,-0.7759743782286849,0.7759743782286849
-1.2059569864477693,-1.424542,0.2185849637780608,0.2185849637780608
0.1071515196642665,1.0094645,-0.9023129826703282,0.9023129826703282
-2.2080644003912595,-1.9209962,-0.28706821127382787,0.28706821127382787
0.0577082584347815,-0.12703434,0.18474259476328797,0.18474259476328797
0.5714903486486446,1.1062244,-0.5347340690378178,0.5347340690378178
-0.6250749646143775,0.60627323,-1.2313481985049108,1.2313481985049108
2.009108397629728,0.22046871,1.7886396827964686,1.7886396827964686
0.3510594744123255,1.0282494,-0.6771899085603919,0.6771899085603919
-2.10832836062333,-1.4148277,-0.6935006561937036,0.6935006561937036
0.2059444615649793,0.18922009,0.016724375824889892,0.016724375824889892
1.9613445865874304,0.91974527,1.0415993201498999,1.0415993201498999
0.2005116783894773,0.38677692,-0.18626524574382347,0.18626524574382347
-2.2121850712543547,-1.4838035,-0.7283815605884612,0.7283815605884612
-0.5936764465338726,-0.192317,-0.40135945246286586,0.40135945246286586
0.3716020114596604,0.0026124679,0.3689895436044453,0.3689895436044453
-0.1527628129419948,-1.1169764,0.9642135674062108,0.9642135674062108
-0.6768710114940382,0.30978718,-0.9866581954940534,0.9866581954940534
0.4855433065464173,0.7955156,-0.30997229032019036,0.30997229032019036
1.4417270327444325,2.4407148,-0.998987803376173,0.998987803376173
-0.0271969945428729,-0.0076130657,-0.019583928890323635,0.019583928890323635
-2.438028128887615,-1.4321091,-1.0059190113796803,1.0059190113796803
0.537984535766333,1.1436908,-0.605706288742334,0.605706288742334
-0.3238401908791112,0.7985366,-1.1223767895615149,1.1223767895615149
-0.3451614511237498,-0.52392143,0.1787599789871816,0.1787599789871816
-0.3311245269975643,0.51568407,-0.8468085952005366,0.8468085952005366
-1.9416131684158575,-1.5683863,-0.37322685211641904,0.37322685211641904
-1.2852066906104058,-0.26280028,-1.0224064143309564,1.0224064143309564
-0.9909013056704056,0.032943062,-1.0238443681546698,1.0238443681546698
0.4176019085413938,1.3362039,-0.9186020242207522,0.9186020242207522
0.5119227738285071,0.08004749,0.4318752856159217,0.4318752856159217
-2.6571037548696768,-1.1785163,-1.4785874861395132,1.4785874861395132
-0.2215583535038435,-0.22928493,0.007726573745111265,0.007726573745111265
1.8618371646489993,0.53511506,1.326722101458539,1.326722101458539
0.4291646329139871,0.30489245,0.12427218234292692,0.12427218234292692
0.2593023039185808,0.697089,-0.43778671251894974,0.43778671251894974
0.5300145730066266,0.7419357,-0.2119210973691974,0.2119210973691974
-0.565526374870697,0.31926307,-0.8847894456924591,0.8847894456924591
2.5894731359093464,0.7820212,1.8074519114105976,1.8074519114105976
1.7303882145884195,0.36262187,1.3677663409712473,1.3677663409712473
0.6422501614116918,-0.2580684,0.9003185739540349,0.9003185739540349
2.0822001288087626,0.62515116,1.4570489714296122,1.4570489714296122
1.5721585901582045,0.48967907,1.0824795218312544,1.0824795218312544
-1.414184171547603,-1.5114934,0.09730927289514613,0.09730927289514613
0.1797272823032419,0.5588204,-0.37909314416083895,0.37909314416083895
0.4201647177817662,-0.24657282,0.6667375401141484,0.6667375401141484
1.4246874959480813,1.0480783,0.3766091973793557,0.3766091973793557
0.0203568653636179,-0.60366565,0.6240225152545176,0.6240225152545176
-0.8195194694686554,0.09832186,-0.9178413319874428,0.9178413319874428
0.3455797358812867,0.7174529,-0.37187314783911124,0.37187314783911124
0.0795579639223141,0.4905699,-0.4110119256231266,0.4110119256231266
-1.8082496494440563,-1.186655,-0.6215946048883922,0.6215946048883922
0.7755091716959214,0.3542724,0.4212367763235306,0.4212367763235306
-0.6828422798673726,-0.44368178,-0.23916050334378247,0.23916050334378247
0.4741557164113971,0.83427966,-0.3601239399988202,0.3601239399988202
-0.6848731237930051,0.059484337,-0.7443574603182069,0.7443574603182069
1.5804452604234094,0.8252839,0.7551613754212732,0.7551613754212732
2.8528656111956665,1.5829748,1.269890819668872,1.269890819668872
0.1025475164981094,0.5766844,-0.4741368988423142,0.4741368988423142
0.001219585384482,0.5968005,-0.5955809207304777,0.5955809207304777
-3.5342775704046026,-2.3744996,-1.1597780110021367,1.1597780110021367
1.127432502558579,0.6351615,0.4922709835079808,0.4922709835079808
-0.6130714230129859,0.4776971,-1.0907685272286078,1.0907685272286078
-1.0515161229542451,0.59598464,-1.6475007606915193,1.6475007606915193
0.5679736565744558,0.10529702,0.46267663500663425,0.46267663500663425
0.2701719872253702,1.3827755,-1.112603557894869,1.112603557894869
-1.012572348742102,-1.9584571,0.945884763570215,0.945884763570215
-0.3212522965213628,-0.3663773,0.045124997542205336,0.045124997542205336
2.021552939265477,0.51183575,1.509717185347783,1.509717185347783
0.7143232341992203,0.54987717,0.1644460674511734,0.1644460674511734
-1.0613006060906542,0.04820307,-1.1095036758073462,1.1095036758073462
0.2219471297737736,0.39688584,-0.17493871231111105,0.17493871231111105
0.3333217176128744,-0.37348384,0.7068055542637228,0.7068055542637228
0.0616807214631404,0.2874695,-0.2257887848005925,0.2257887848005925
1.7139417152362002,1.3326323,0.38130941199828516,0.38130941199828516
-0.4548925533985923,0.24800083,-0.7028933838105034,0.7028933838105034
1.2157605168735923,0.53791535,0.6778451678669395,0.6778451678669395
1.152816239079431,0.89134264,0.2614735991563353,0.2614735991563353
-0.8634685015030176,-1.4757391,0.6122706199340552,0.6122706199340552
0.837037232547411,-0.11183354,0.948870775132784,0.948870775132784
-2.7884393467286315,-1.3332196,-1.4552196993210997,1.4552196993210997
2.034190319541539,1.0924411,0.9417492375408067,0.9417492375408067
0.533484987819203,0.5777247,-0.04423970738648553,0.04423970738648553
0.8229287492808938,0.8495813,-0.026652551931417023,0.026652551931417023
0.0843426951868819,-0.18851084,0.2728535303576277,0.2728535303576277
0.1053694698310943,0.2714491,-0.16607961921919867,0.16607961921919867
-2.9820867771962507,-2.6085782,-0.3735085720876081,0.3735085720876081
-1.719171862988355,-0.99210256,-0.7270692996071599,0.7270692996071599
-1.1882214411237126,0.4776971,-1.6659185453393346,1.6659185453393346
-2.077015678336137,-1.885445,-0.19157067959498697,0.19157067959498697
0.6085797192615929,0.43471023,0.1738694848579827,0.1738694848579827
-2.466711763110112,-1.9577103,-0.5090014969968308,0.5090014969968308
-0.0838206542623992,0.83625114,-0.9200717939032073,0.9200717939032073
1.6123696252901136,1.0289166,0.5834530279237806,0.5834530279237806
-0.3735247554703126,-0.13170141,-0.24182334565357066,0.24182334565357066
1.2024991250546095,0.6704999,0.5319992042095778,0.5319992042095778
0.6599185313091069,0.7585309,-0.09861238347437085,0.09861238347437085
-2.4116791842085576,-1.4561583,-0.955520903835938,0.955520903835938
0.835779512874311,0.68924725,0.14653226231736516,0.14653226231736516
-1.4011800785649648,-1.1401055,-0.26107459264882715,0.26107459264882715
-0.689492611817596,0.26059872,-0.9500913309376217,0.9500913309376217
-3.1284908266475333,-1.402251,-1.7262398214748038,1.7262398214748038
-0.1571735313328031,-0.0041638296,-0.1530097017230514,0.1530097017230514
-1.5056161355631483,-0.45224634,-1.0533697974341047,1.0533697974341047
-3.758797247643811,1.2949357,-5.053732950921399,5.053732950921399
3.3421228185307763,1.6004759,1.7416469112050317,1.7416469112050317
0.7047856398035998,-0.16112638,0.865912015001964,0.865912015001964
4.276061304313698,1.0628935,3.213167794448891,3.213167794448891
1.705031982678918,0.5974405,1.107591501493005,1.107591501493005
-1.647164346466914,0.38510105,-2.0322653966053874,2.0322653966053874
1.4337966699898843,1.2916983,0.14209833338862699,0.14209833338862699
-3.5342775704046026,-1.8646197,-1.6696578385015264,1.6696578385015264
1.4330593960144853,0.7123168,0.720742584929738,0.720742584929738
-0.1093193880560502,-0.1095452,0.00022581300710593222,0.00022581300710593222
1.1497010898432138,0.9431867,0.20651438949912815,0.20651438949912815
-0.0718417516772953,0.36105192,-0.4328936687534061,0.4328936687534061
-1.4320523253365538,-0.5923113,-0.8397410026474974,0.8397410026474974
-0.6185030569640338,0.28324288,-0.901745938262099,0.901745938262099
-1.8634300507196215,-1.615783,-0.24764707456910884,0.24764707456910884
-1.1206668821666224,-0.6782914,-0.44237550176119633,0.44237550176119633
-0.3719171444172666,0.68808615,-1.0600032964939878,1.0600032964939878
-1.0423907691297016,0.12273034,-1.1651211062130413,1.1651211062130413
-0.6096351200944435,-0.41095558,-0.19867954200568316,0.19867954200568316
0.575922088702009,0.8862107,-0.31028859130592557,0.31028859130592557
1.5165942805719437,-0.1620817,1.6786759841156067,1.6786759841156067
0.0794997833073654,0.18013224,-0.10063245674962618,0.10063245674962618
-0.7009587100020717,-0.40496215,-0.29599655775941114,0.29599655775941114
1.9141259163579163,0.72305065,1.1910752624234375,1.1910752624234375
-0.5161050197754513,0.43128887,-0.9473938879643093,0.9473938879643093
0.663503317588714,-0.28693926,0.950442580932525,0.950442580932525
-0.4926068929293895,-1.4205781,0.9279712292095876,0.9279712292095876
-0.701682311909137,-0.032167535,-0.6695147766339161,0.6695147766339161
0.7774160112214049,0.78930616,-0.011890152566436885,0.011890152566436885
1.0323608361643857,0.6692405,0.36312036146345794,0.36312036146345794
-3.0852382159261844,-3.1244302,0.03919196366976285,0.03919196366976285
-1.278441526332787,-0.1879156,-1.0905259329470907,1.0905259329470907
1.0443886385759202,1.8169032,-0.772514594952217,0.772514594952217
-1.2132154855244912,0.07278154,-1.2859970259779252,1.2859970259779252
1.7173514515432813,0.7822874,0.9350640327009656,0.9350640327009656
0.7330331742136971,-0.31874195,1.051775121626188,1.051775121626188
1.0218143986457626,0.51202285,0.5097915457481186,0.5097915457481186
-0.0295211022208118,-0.018225117,-0.011295985565581278,0.011295985565581278
0.9947812652702656,0.4035704,0.591210851680788,0.591210851680788
-0.8686519926305691,0.3656683,-1.234320289444534,1.234320289444534
-1.2274567623599997,-1.987364,0.7599072913661966,0.7599072913661966
-1.368720539101814,-1.6354684,0.26674782466008784,0.26674782466008784
-2.5559214007746824,-2.13635,-0.41957148431655256,0.41957148431655256
0.7745610892213871,0.5020821,0.27247897977009317,0.27247897977009317
0.8875179199041094,-0.038515296,0.9260332157374587,0.9260332157374587
0.0256634336318129,0.56250054,-0.5368371028099901,0.5368371028099901
0.2968355702309111,0.56406647,-0.2672308994384309,0.2672308994384309
0.4575535654535533,0.6527114,-0.1951578259954213,0.1951578259954213
-2.1022684682468027,-2.2563734,0.15410493720974028,0.15410493720974028
-0.6448375872924508,0.32356235,-0.9683999411418618,0.9683999411418618
1.3439912986483815,0.8420448,0.5019465279307607,0.5019465279307607
0.6111074343304616,0.8290921,-0.21798465103101916,0.21798465103101916
-0.1239151293729562,0.69112915,-0.8150442773793954,0.8150442773793954
-2.499716581721683,-0.3855341,-2.114182474036594,2.114182474036594
-0.7957325662791556,0.2774703,-1.0732028569400138,1.0732028569400138
6.547146896537476,2.0204053,4.52674160402649,4.52674160402649
0.4048072051688892,-0.16015157,0.5649587762042743,0.5649587762042743
-0.589840132965014,0.7623522,-1.3521923611296869,1.3521923611296869
0.940330739986762,0.7604672,0.17986356831775563,0.17986356831775563
1.377126821612789,0.2829037,1.0942231205458182,1.0942231205458182
-0.0727406269643742,0.07935265,-0.15209327403049053,0.15209327403049053
1.166144872760077,1.0912862,0.07485869035651249,0.07485869035651249
-0.7804547985785596,0.61301196,-1.3934667547934643,1.3934667547934643
0.4047490426273299,-0.12722994,0.531978986498828,0.531978986498828
0.3081145718825372,0.24998997,0.05812460036402067,0.05812460036402067
0.9034806118779888,0.5013706,0.4021100030713787,0.4021100030713787
0.5492174528822359,0.6460323,-0.09681482088714277,0.09681482088714277
-0.1181512140626316,0.8444987,-0.9626499080056553,0.9626499080056553
-0.7244624580033227,0.42374933,-1.1482117856629297,1.1482117856629297
0.4081193785206823,0.30279702,0.10532235903902337,0.10532235903902337
0.1345422525360133,0.5565324,-0.42199013042907463,0.42199013042907463
-0.4609958352592948,-1.1357931,0.6747972546073434,0.6747972546073434
-1.0837696657420444,-2.285329,1.2015594377278043,1.2015594377278043
-2.8410814097990253,-2.3273375,-0.5137439063657978,0.5137439063657978
-0.4910241301837987,-0.4293412,-0.06168293316994372,0.06168293316994372
0.5687716501280161,0.011867515,0.5569041353165599,0.5569041353165599
0.2893826510737626,0.092413865,0.19696878604395074,0.19696878604395074
0.487008676691756,0.39184496,0.09516371862481571,0.09516371862481571
0.3886909921047838,0.86984175,-0.4811507623317091,0.4811507623317091
-2.0140943118441914,-1.2758456,-0.7382486649859761,0.7382486649859761
-2.1379518614941895,0.7791565,-2.9171083675557434,2.9171083675557434
-0.7312617679483079,0.32149395,-1.0527557214147234,1.0527557214147234
-2.1558274823704764,-1.615783,-0.5400445062199637,0.5400445062199637
0.3029772335158263,-0.4842518,0.7872290307150756,0.7872290307150756
0.6777300974609339,0.8615738,-0.18384371788483023,0.18384371788483023
2.9220990441524024,1.0725154,1.8495836756907935,1.8495836756907935
0.7214147996522072,0.8907533,-0.1693385291479942,0.1693385291479942
-0.7211386495439631,0.8158119,-1.536950522026263,1.536950522026263
0.7147785744447438,0.2039171,0.5108614734191624,0.5108614734191624
0.8439016286993398,0.057765067,0.7861365620756521,0.7861365620756521
0.2575869021085977,2.02947,-1.77188306477983,1.77188306477983
2.2479287099604863,0.7223415,1.5255872320895452,1.5255872320895452
0.2955040671187583,-0.090165466,0.3856695331889335,0.3856695331889335
-2.660519153831681,-2.0233557,-0.6371634314043129,0.6371634314043129
-1.1618886810637208,-0.114905745,-1.04698293627269,1.04698293627269
1.234206830400315,0.896979,0.3372278560579689,0.3372278560579689
0.1811940964480392,0.6377461,-0.45655199920930944,0.45655199920930944
1.615304863362742,-0.22068518,1.8359900473646646,1.8359900473646646
-0.5369353776132336,-0.4449437,-0.09199168135278135,0.09199168135278135
0.9615553369480704,0.89543504,0.06612030171934113,0.06612030171934113
-1.1103625139858844,-1.0615093,-0.04885326239134091,0.04885326239134091
-0.8097411390927467,0.5353515,-1.3450926539090309,1.3450926539090309
0.4861664563075737,0.4700076,0.016158857907457747,0.016158857907457747
3.22090284354368,1.0357586,2.18514422900358,2.18514422900358
-1.754817350421431,-1.3955189,-0.35929845145750283,0.35929845145750283
-0.6180981888737298,-1.0929134,0.4748152003322028,0.4748152003322028
2.7148987918535226,1.6034375,1.1114612489381783,1.1114612489381783
-0.2639519147527203,0.36899757,-0.6329494886052593,0.6329494886052593
1.0091378675490357,0.51015234,0.49898552761373294,0.49898552761373294
-0.021892021920309,0.18286927,-0.20476129236422533,0.20476129236422533
1.7616585365458055,0.57645607,1.1852024665995164,1.1852024665995164
1.4360713363723354,0.93380904,0.5022622943954067,0.5022622943954067
-2.8417862203495408,-1.5405605,-1.3012257364170456,1.3012257364170456
0.613713394846241,0.3816328,0.23208058997563552,0.23208058997563552
-1.0902826255038742,-1.1796507,0.08936803882565458,0.08936803882565458
1.0094858283623247,0.7862599,0.22322593875966357,0.22322593875966357
-0.6707667901280973,-0.10962291,-0.5611438795093152,0.5611438795093152
1.2947282738838597,1.3357441,-0.04101586864848894,0.04101586864848894
-2.5635869526347093,-0.32512155,-2.238465400882619,2.238465400882619
1.25669628666092,2.477689,-1.220992741125335,1.220992741125335
-0.8260997515955208,-1.3201375,0.4940377491674186,0.4940377491674186
1.343717984863483,0.9482293,0.3954886719667545,0.3954886719667545
1.5687780361273955,0.45871216,1.1100658755400847,1.1100658755400847
-0.5723734862219536,0.072229095,-0.6446025810252869,0.6446025810252869
-1.0217317859007669,-0.86279815,-0.1589336315466714,0.1589336315466714
-0.1349963976545046,0.680086,-0.8150824143094728,0.8150824143094728
-1.2894675012716084,-1.7051562,0.4156887058130474,0.4156887058130474
0.6323673074472951,0.854351,-0.22198367664923202,0.22198367664923202
1.0539976037694578,0.7368277,0.3171699322415953,0.3171699322415953
1.3694238177159337,1.2725127,0.09691114338426865,0.09691114338426865
1.170284586253889,1.4843415,-0.31405691593574714,0.31405691593574714
0.2493888107612867,0.3334795,-0.08409068309514336,0.08409068309514336
0.5067685001944067,0.3353232,0.17144528566346184,0.17144528566346184
0.3939195641800793,0.9002727,-0.506353162832555,0.506353162832555
-2.472766395933419,-0.29688293,-2.175883468515664,2.175883468515664
-1.7406288771354244,-2.0387642,0.2981353612221196,0.2981353612221196
1.2505537259742376,0.48809198,0.7624617505237219,0.7624617505237219
1.5777453874664724,0.75332636,0.8244190310554922,0.8244190310554922
-0.9172460605903684,-0.31031296,-0.6069331040187894,0.6069331040187894
0.9466559946920564,1.0057696,-0.05911361571291185,0.05911361571291185
1.883401951853408,0.70882463,1.174577317301406,1.174577317301406
0.811504276200025,-0.085982226,0.8974865020353483,0.8974865020353483
2.856309323273203,0.48815542,2.3681538986783237,2.3681538986783237
-0.4965254437395204,0.8227234,-1.3192488324113953,1.3192488324113953
-0.9172020119209324,-1.0188258,0.10162375750350605,0.10162375750350605
0.8998775442373689,1.6220287,-0.7221511642205779,0.7221511642205779
0.0961268224186235,0.48282224,-0.38669541698033283,0.38669541698033283
-1.3825234777337592,-1.8115075,0.42898398572144103,0.42898398572144103
1.4417630607951528,0.13703516,1.3047278995383627,1.3047278995383627
-0.4034541741404362,-0.6323278,0.2288736208882503,0.2288736208882503
0.6782819577798331,-0.3445192,1.0228011557206595,1.0228011557206595
-2.716160154770287,-0.80618364,-1.90997651858178,1.90997651858178
0.8655828608692392,0.14043571,0.7251471503198846,0.7251471503198846
0.0375260642269575,0.6446838,-0.6071577140590227,0.6071577140590227
-0.4866086815863717,-0.07611007,-0.4104986091524232,0.4104986091524232
-0.7135036009175714,-0.21915759,-0.49434600945543605,0.49434600945543605
-1.7414451864293516,-1.0816182,-0.6598269966176451,0.6598269966176451
-0.8968838996946278,-0.5673742,-0.32950967026347544,0.32950967026347544
1.5535484664431791,0.40181348,1.1517349891654234,1.1517349891654234
-0.7378313422329318,0.41733512,-1.1551664650566469,1.1551664650566469
0.6611030338722327,-0.43615356,1.097256594749079,1.097256594749079
1.542216803168549,1.8807584,-0.33854160156320146,0.33854160156320146
0.4665526788035186,0.661654,-0.19510131671039743,0.19510131671039743
-0.4470137749701057,0.05532992,-0.5023436938314949,0.5023436938314949
-3.758797247643811,-3.267813,-0.49098428034339614,0.49098428034339614
0.5594086785183685,0.21771072,0.3416979600058334,0.3416979600058334
-2.2481884819544353,-1.4335014,-0.8146871191538372,0.8146871191538372
0.4741313284474242,1.6083267,-1.1341953450602662,1.1341953450602662
1.2371466719099669,0.31900996,0.9181367122122435,0.9181367122122435
-3.758797247643811,-2.0640302,-1.6947670772031374,1.6947670772031374
-0.3446384615487281,0.4118364,-0.7564748472756568,0.7564748472756568
-1.714165819991801,0.12231076,-1.836476577628825,1.836476577628825
0.7603953480068835,0.8162656,-0.05587023503144661,0.05587023503144661
-0.5953275601235551,0.37922898,-0.9745565394726915,0.9745565394726915
-0.8303517539057697,-1.3901008,0.5597490828480756,0.5597490828480756
-0.7716180969145441,-1.1026704,0.3310523342225409,0.3310523342225409
-1.1059691049775826,0.750084,-1.8560530879220711,1.8560530879220711
-0.1416876058150771,1.2787334,-1.4204209785033706,1.4204209785033706
-1.469057435989872,1.046956,-2.516013379097477,2.516013379097477
-0.5899253266993366,0.42219687,-1.0121221917811236,1.0121221917811236
1.6212526017428883,0.066454686,1.5547979155184277,1.5547979155184277
1.0509530278334318,1.5682765,-0.5173234967103304,0.5173234967103304
-0.6174274121729505,0.46352124,-1.0809486543146742,1.0809486543146742
0.6755181583567145,0.949004,-0.2734858361081598,0.2734858361081598
2.8682673139603447,0.9764415,1.8918258113892388,1.8918258113892388
3.415450885253233,0.9388913,2.4765595936348856,2.4765595936348856
-1.4838353764574357,-0.5350319,-0.9488034617464371,0.9488034617464371
-0.4487480518923214,-1.4543035,1.0055554511441775,1.0055554511441775
1.155915906430152,0.37685746,0.7790584468850166,0.7790584468850166
1.1010285022001671,0.88564724,0.21538126489929432,0.21538126489929432
-0.4464945426036992,-0.60748756,0.16099301671484328,0.16099301671484328
0.2098358880975465,0.4732036,-0.2633677113554259,0.2633677113554259
-0.5309572310799431,0.115194425,-0.6461516560667824,0.6461516560667824
-0.4733865472516729,-0.07514927,-0.3982372793397619,0.3982372793397619
-1.0901639656437043,-1.2374915,0.14732752281302175,0.14732752281302175
-0.1838761579607923,0.18902165,-0.3728978049372632,0.3728978049372632
1.3586035585644354,0.73242366,0.6261798954250921,0.6261798954250921
1.3774511436786434,0.20028514,1.177166006978967,1.177166006978967
1.8913330768687175,2.156863,-0.2655298972981526,0.2655298972981526
-0.2924850866082426,-1.3399271,1.0474419906851535,1.0474419906851535
0.1068101888918996,0.65735185,-0.5505416625714182,0.5505416625714182
0.2989260282473575,0.69825274,-0.39932670927476777,0.39932670927476777
-1.386169821210856,-1.0193162,-0.3668536247692056,0.3668536247692056
-3.758797247643811,-2.187728,-1.57106931948219,1.57106931948219
-1.5374170192275949,-0.57811683,-0.9593001850639291,0.9593001850639291
1.7183262998956357,2.0894234,-0.37109711814940827,0.37109711814940827
-0.5434959394297676,-0.0792731,-0.4642228422126846,0.4642228422126846
-0.949557589647667,-0.8319685,-0.1175891033386155,0.1175891033386155
1.6800169943031928,0.6586215,1.0213955043015144,1.0213955043015144
0.9639227578419473,0.030819252,0.9331035057085778,0.9331035057085778
-3.758797247643811,-3.2079904,-0.5508068397000856,0.5508068397000856
0.8200030540565949,0.6460323,0.17397078028721624,0.17397078028721624
0.9267734044081524,1.1581006,-0.23132720060283396,0.23132720060283396
1.4408748368886113,1.3357441,0.10513069435626266,0.10513069435626266
-0.9523258338746476,0.011867515,-0.9641933486861038,0.9641933486861038
0.4082854534577861,0.54565847,-0.13737301574234817,0.13737301574234817
-0.2314180787109508,-0.2730216,0.041603529880128914,0.041603529880128914
2.7487513475441734,2.7258613,0.02289003658531108,0.02289003658531108
-0.6184058909239867,-1.2770944,0.6586884732422731,0.6586884732422731
1.5415794111154972,0.7588629,0.7827164984606205,0.7827164984606205
1.3389390918877226,0.78317463,0.5557644579079253,0.5557644579079253
0.0834789757362936,0.902148,-0.818669032610264,0.818669032610264
2.45154716941137,0.4112625,2.0402846572043387,2.0402846572043387
0.6720227508187708,0.8454249,-0.17340213969941765,0.17340213969941765
1.603740772989592,0.760892,0.8428487990172715,0.8428487990172715
-1.3161458075031225,-1.3485256,0.03237983584557136,0.03237983584557136
-1.1809479089510369,-0.011505761,-1.1694421477672385,1.1694421477672385
-2.6361988614477667,-1.3577377,-1.2784612010397467,1.2784612010397467
0.5113285261220641,0.22575176,0.285576768500299,0.285576768500299
-1.50647092914156,-1.4067155,-0.09975541686586409,0.09975541686586409
2.791835120480432,0.7320651,2.0597700388840576,2.0597700388840576
-0.8015481385469253,0.016703542,-0.8182516808688457,0.8182516808688457
0.9228777443391264,0.5486901,0.3741876636964262,0.3741876636964262
-1.5629463319206427,-1.2602787,-0.30266763013841613,0.30266763013841613
0.2925237190010072,0.25999328,0.032530434060287605,0.032530434060287605
-1.2070210844571614,-1.1961468,-0.010874238639595468,0.010874238639595468
-0.250935710084142,0.3102831,-0.5612188047286886,0.5612188047286886
0.5805708241298355,0.5550578,0.025513000471846015,0.025513000471846015
-0.4012383372985254,0.92860794,-1.3298462779723534,1.3298462779723534
-0.0202831916212759,0.08026335,-0.10054653805491542,0.10054653805491542
0.440047642069297,-0.27589557,0.7159432078175116,0.7159432078175116
-1.2627767259670444,-1.2192842,-0.04349254914056733,0.04349254914056733
-0.3321702151944016,-1.0259767,0.69380644267303,0.69380644267303
-1.936203389875152,-1.8780653,-0.05813804220364327,0.05813804220364327
-0.4161554526849704,-1.9994124,1.5832569647268337,1.5832569647268337
0.2426532227074648,0.23950414,0.003149079111769315,0.003149079111769315
-1.123158812233812,-1.7905885,0.6674296858817275,0.6674296858817275
0.5896489772872405,0.36679816,0.22285081482691338,0.22285081482691338
-0.6690921214909467,0.3021647,-0.9712568250985059,0.9712568250985059
-1.9416131684158575,-1.4836899,-0.45792326420290586,0.45792326420290586
-0.2397653823516608,0.8850635,-1.1248289113662482,1.1248289113662482
-1.220577120325577,-1.2577109,0.037133813359725654,0.037133813359725654
-1.4114000553661774,-1.6294463,0.21804621271548763,0.21804621271548763
-1.7581311118035932,-1.4441595,-0.3139716040521283,0.3139716040521283
-0.4303389918393671,0.30484566,-0.7351846527642786,0.7351846527642786
0.0897813996550129,0.3962642,-0.3064827957871868,0.3064827957871868
2.182886216902169,1.8447862,0.3381000497573936,0.3381000497573936
0.2270608514435768,-0.1668881,0.39394895433263777,0.39394895433263777
0.4140378285213281,0.55263615,-0.13859831802408207,0.13859831802408207
-1.5565202176956705,0.035552204,-1.5920724213509134,1.5920724213509134
-1.2572631728482562,-0.18761677,-1.0696464073491412,1.0696464073491412
1.3858589833212287,0.68095803,0.7049009507131965,0.7049009507131965
-0.7007532645332308,-0.46332768,-0.23742558847541528,0.23742558847541528
-0.3572387642342191,0.21868195,-0.5759207106310468,0.5759207106310468
6.760903489056847,2.327654,4.433249604169152,4.433249604169152
0.725351492301361,0.09134886,0.6340026356138152,0.6340026356138152
-1.386169821210856,-1.2533516,-0.13281825203513575,0.13281825203513575
0.1798529219956513,-0.49634257,0.6761954915852662,0.6761954915852662
1.298896162870327,0.22391284,1.0749833277491723,1.0749833277491723
-2.335376171251158,0.69818306,-3.0335592309435406,3.0335592309435406
-1.1651737829420936,-0.38515863,-0.7800151547167671,0.7800151547167671
-0.4602384928314116,0.8737812,-1.3340196970550444,1.3340196970550444
-0.2204319138906782,-1.0007368,0.7803049187280352,0.7803049187280352
0.7096688940645851,1.3740788,-0.6644098565457665,0.6644098565457665
-0.4810788500982264,-1.5457323,1.0646534096521398,1.0646534096521398
-2.499716581721683,-1.4173244,-1.082392157931705,1.082392157931705
-0.9734004951663184,0.10984389,-1.0832443825550246,1.0832443825550246
-0.2251503959399091,-0.16634545,-0.058804948638044474,0.058804948638044474
-0.1309584939869687,1.6457199,-1.7766783798130796,1.7766783798130796
2.963940036275339,1.061204,1.9027360796713353,1.9027360796713353
3.166246308185423,0.721359,2.4448872936743147,2.4448872936743147
0.9233419700079034,-0.12385863,1.0472006006650996,1.0472006006650996
-0.1146041168194317,1.717443,-1.8320471061687968,1.8320471061687968
1.0106237298264809,-0.025201753,1.0358254826083488,1.0358254826083488
-1.9416131684158575,-2.2042058,0.26259258300320987,0.26259258300320987
-0.4144142797864708,0.17806965,-0.5924839309133323,0.5924839309133323
0.5009983606099698,1.3648485,-0.8638501339197543,0.8638501339197543
1.4479398850298322,-0.033525433,1.4814653184211648,1.4814653184211648
1.4218427954003512,0.3676018,1.0542409835145174,1.0542409835145174
-1.2455624967246126,-0.4946136,-0.7509489088683199,0.7509489088683199
0.364180066878024,0.87086326,-0.5066831919606296,0.5066831919606296
-0.1698321752648217,-0.05833165,-0.11150052551435058,0.11150052551435058
1.0724282925060935,0.12989302,0.9425352727106757,0.9425352727106757
-1.2290484777248354,-1.7203039,0.49125541536445905,0.49125541536445905
-3.047086709447484,-1.8817661,-1.1653206285911608,1.1653206285911608
1.2508957851791287,0.74281234,0.5080834496879483,0.5080834496879483
-0.0924577096653351,0.31699222,-0.409449932928122,0.409449932928122
0.1896614525727064,0.39071536,-0.2010539080687731,0.2010539080687731
-0.0879312969802846,0.47840843,-0.566339723026656,0.566339723026656
-2.803634713870841,-2.7600024,-0.04363233922179299,0.04363233922179299
0.360018367371227,1.0529064,-0.6928880266335948,0.6928880266335948
-1.3656888931060034,-1.1131871,-0.2525018184447485,0.2525018184447485
0.5252779966795337,1.4592535,-0.933975552896272,0.933975552896272
-2.0172544678850097,-1.8312536,-0.18600082008074947,0.18600082008074947
0.1937590267938876,-0.5017949,0.6955539014620089,0.6955539014620089
1.9206362724718191,0.6104193,1.3102169990953543,1.3102169990953543
0.6298577333427738,-0.078701526,0.7085592592693638,0.7085592592693638
-1.2716795501457514,-1.457074,0.18539449598919733,0.18539449598919733
-1.2679916914298226,-1.4577596,0.18976792732933268,0.18976792732933268
2.426491838895551,2.5307343,-0.10424246171785212,0.10424246171785212
0.7728054466979157,0.44845766,0.3243477884070527,0.3243477884070527
-3.758797247643811,-1.9577103,-1.80108698153053,1.80108698153053
2.1046632551805575,0.6021796,1.502483668293198,1.502483668293198
0.4981923417402273,0.26025426,0.23793807786235865,0.23793807786235865
-0.1701852250263502,0.24277459,-0.4129598158762266,0.4129598158762266
2.2009377053644927,0.8534169,1.3475207856562408,1.3475207856562408
-0.5166403155094723,-0.21649468,-0.30014563605848354,0.30014563605848354
0.967639893402735,0.24028645,0.7273534388443625,0.7273534388443625
-1.62160524476545,0.40667015,-2.028275397906472,2.028275397906472
1.750965986867227,0.71606326,1.0349027258351224,1.0349027258351224
-1.299650178296079,-1.1999373,-0.09971283469866687,0.09971283469866687
0.4094502552496352,0.5031695,-0.09371922173629621,0.09371922173629621
0.4176905131345463,0.63816667,-0.22047615289633749,0.22047615289633749
-0.0488402774488119,0.3557215,-0.40456178094498196,0.40456178094498196
0.4558458762470441,1.0564001,-0.6005541844066424,0.6005541844066424
-0.3155471850880811,0.8372483,-1.1527955104359815,1.1527955104359815
-0.115095288477469,-0.5025902,0.3874948909658904,0.3874948909658904
4.118220847811708,2.696574,1.4216468751096816,1.4216468751096816
0.2418511216241942,0.53204966,-0.29019853429011244,0.29019853429011244
-3.01295902396784,-0.8374978,-2.1754612531815547,2.1754612531815547
-0.0067303905948025,0.1453342,-0.15206458966573297,0.15206458966573297
1.2246469355716298,0.32619566,0.8984512783183645,0.8984512783183645
0.1688996547986299,0.52922547,-0.3603258138369292,0.3603258138369292
-1.2444517026303683,-1.4586776,0.21422594686761753,0.21422594686761753
2.5230184108984246,1.3321253,1.190893104768969,1.190893104768969
-1.2235190663662316,0.4235896,-1.6471086535778405,1.6471086535778405
0.6798667043552543,0.78934866,-0.10948195754431234,0.10948195754431234
-0.3061285314545505,-1.5556719,1.2495433988585598,1.2495433988585598
0.3419104853669034,-0.27589557,0.6178060511151181,0.6178060511151181
-1.3271593861402184,-1.213854,-0.11330543087135858,0.11330543087135858
-1.8880429060956323,-1.2920237,-0.5960192473431909,0.5960192473431909
-0.0641285954017072,0.5773645,-0.641493099739018,0.641493099739018
-0.5352849039609842,0.6545667,-1.1898516091878824,1.1898516091878824
-1.2267314572404886,0.28315192,-1.5098833818506265,1.5098833818506265
-0.0669048456421543,0.80556893,-0.8724737791290927,0.8724737791290927
-0.5929989502451383,0.6202564,-1.2132553741953336,1.2132553741953336
-0.3172863252090742,-1.2665989,0.9493126146865557,0.9493126146865557
-0.1581671949981499,-1.5017447,1.3435775521637154,1.3435775521637154
0.8082735661539068,0.6974821,0.11079145708408256,0.11079145708408256
0.4561407361610697,1.1756773,-0.7195365633384421,0.7195365633384421
0.6780113192597301,1.0211561,-0.343144753356847,0.343144753356847
1.254375435180926,0.44666424,0.8077111912443873,0.8077111912443873
3.409308341013605,0.34713376,3.062174585329706,3.062174585329706
-0.3933066252702196,-1.0751735,0.6818668719297927,0.6818668719297927
0.4574247390908946,-0.23310646,0.6905312032384623,0.6905312032384623
1.4828982830391166,0.74580663,0.7370916486129997,0.7370916486129997
-2.691231440349321,-1.1726793,-1.518552135272722,1.518552135272722
-1.2237958635004689,0.55106294,-1.7748588050516774,1.7748588050516774
-0.3372085934798223,0.5232002,-0.8604088073889715,0.8604088073889715
-1.0828677551126829,0.07413345,-1.1570012034154287,1.1570012034154287
-0.39456660058008,-1.4940236,1.099456960897581,1.099456960897581
2.8547543533493096,0.27180937,2.582944984023672,2.582944984023672
0.2833975699369251,0.73145336,-0.44805578919011957,0.44805578919011957
-0.0486946473410652,-0.59386754,0.5451728930184319,0.5451728930184319
0.0723000062859781,-0.20117854,0.27347854210503175,0.27347854210503175
0.1295238273484029,0.6289144,-0.49939058848793133,0.49939058848793133
0.2579593301500638,0.30102947,-0.04307014339310333,0.04307014339310333
-2.478936362005206,-0.6756859,-1.8032504794368465,1.8032504794368465
-1.7609040924320838,-0.19811423,-1.5627898612032554,1.5627898612032554
-3.758797247643811,-2.703875,-1.0549221827939577,1.0549221827939577
-0.6049441365352859,0.7387763,-1.3437204627147903,1.3437204627147903
-0.0307936839136698,0.5720391,-0.6028328112635233,0.6028328112635233
2.123426445464093,0.9631755,1.1602509698667114,1.1602509698667114
-0.1439335636642437,0.43345895,-0.5773925177600842,0.5773925177600842
1.1961692912298518,0.28580832,0.910360966416009,0.910360966416009
-2.014687010310214,-1.4478173,-0.5668696847181729,0.5668696847181729
-1.4855660357196498,-1.5249602,0.03939412453578228,0.03939412453578228
1.044151867886842,0.9042216,0.13993027355319332,0.13993027355319332
-2.860718538686976,-1.4366418,-1.4240767263624519,1.4240767263624519
-1.292932419616232,-0.6075875,-0.6853449033084011,0.6853449033084011
-0.7741871488957177,0.5422638,-1.3164509547619592,1.3164509547619592
1.2079724458281975,1.1419371,0.06603530917811207,0.06603530917811207
-0.6117834472793579,-0.7421942,0.130410728440857,0.130410728440857
-0.0653891399082264,-0.044194385,-0.021194754498871232,0.021194754498871232
-0.2726243561288099,0.04239167,-0.3150160251339655,0.3150160251339655
1.3357358214926371,1.2986876,0.037048244245017514,0.037048244245017514
0.6451218582397322,0.69309026,-0.047968401789106885,0.047968401789106885
2.250102293776235,0.9429366,1.3071656945216268,1.3071656945216268
0.4897385490971954,1.531536,-1.041797433988437,1.041797433988437
1.1420362416706822,1.032463,0.10957328714950298,0.10957328714950298
-2.5976294142223817,-1.9668713,-0.630758152625702,0.630758152625702
0.2963656899573194,1.3348383,-1.0384725811837328,1.0384725811837328
0.1771426029572478,0.33863118,-0.16148857995176405,0.16148857995176405
0.1686998675961759,0.4494235,-0.2807236243586276,0.2807236243586276
-3.01295902396784,-1.8699479,-1.1430111136590022,1.1430111136590022
0.9701481950564824,0.5389902,0.43115799549059497,0.43115799549059497
-1.1464092149988412,-1.4924924,0.3460832223638297,0.3460832223638297
-1.8575583474911324,0.45300412,-2.310562469271528,2.310562469271528
0.191474667557883,-0.01926357,0.21073823682348702,0.21073823682348702
-1.1700894589597586,-1.2547612,0.08467176006489963,0.08467176006489963
-0.5240500415371984,0.18102317,-0.7050732071208089,0.7050732071208089
0.2232338077802838,0.18261714,0.04061666498376737,0.04061666498376737
0.3990709505029768,0.34737954,0.05169141506634656,0.05169141506634656
-1.7816600943666865,-0.85365045,-0.9280096436602046,0.9280096436602046
0.3363512264774845,1.4459522,-1.109600950570245,1.109600950570245
-0.4741204523837158,-0.013709252,-0.46041120061482876,0.46041120061482876
-0.1598789165368932,-1.6260368,1.46615784665433,1.46615784665433
-1.467839906032082,-1.6024194,0.1345794703412091,0.1345794703412091
2.0710268909289167,1.1153553,0.9556716377093122,0.9556716377093122
-0.6776506875246802,0.41993907,-1.0975897584646979,1.0975897584646979
-0.17907012388692,-0.48217297,0.30310284211649796,0.30310284211649796
0.0782568956398114,0.67583936,-0.5975824688888446,0.5975824688888446
0.6604851743153564,0.12993897,0.5305461993388167,0.5305461993388167
0.3042816419859887,-0.109524764,0.4138064061065675,0.4138064061065675
-2.499716581721683,-2.2073612,-0.29235536040820653,0.29235536040820653
2.0696105675935614,0.9135817,1.1560288386583197,1.1560288386583197
0.7712370587198084,1.6879485,-0.9167114066274816,0.9167114066274816
-0.6016236229936889,0.94939756,-1.551021186928015,1.551021186928015
1.3515097465964296,1.5233452,-0.17183548541345806,0.17183548541345806
-1.651047870340903,0.31120983,-1.9622576980024173,1.9622576980024173
0.9733943068310772,0.87972826,0.09366604917497978,0.09366604917497978
-1.1037896746947478,-1.2036039,0.09981418902137773,0.09981418902137773
0.8454417620977671,0.5943446,0.2510971461614878,0.2510971461614878
-0.4577914295927455,0.90609,-1.3638814507261683,1.3638814507261683
-0.7862598540365935,-0.08020024,-0.7060596140206099,0.7060596140206099
0.8243096539239326,1.0636556,-0.23934596092897265,0.23934596092897265
-1.220206758359173,0.13339204,-1.353598794320324,1.353598794320324
0.4975093168605647,0.7652136,-0.26770429188119554,0.26770429188119554
2.772421498393787,1.3023205,1.4701010180471075,1.4701010180471075
0.2901555154577471,-0.029904574,0.3200600896135546,0.3200600896135546
0.0290229590814878,0.31736577,-0.28834280649010646,0.28834280649010646
0.4654291249692248,0.7532911,-0.2878619454920484,0.2878619454920484
-3.2374787012070496,-1.6794977,-1.5579809823960145,1.5579809823960145
-0.3042972680682577,0.61428297,-0.9185802337283528,0.9185802337283528
0.6778193422455702,0.34552193,0.33229741536568735,0.33229741536568735
0.3830925288630503,0.27678695,0.1063055756522196,0.1063055756522196
-0.1418794659570353,1.0146072,-1.1564866570428507,1.1564866570428507
-3.758797247643811,-3.2453043,-0.5134929015592165,0.5134929015592165
0.580075805360433,1.0187975,-0.4387217114623819,0.4387217114623819
-3.758797247643811,-1.676105,-2.0826922252133913,2.0826922252133913
6.03680835516742,1.4909159,4.545892460659058,4.545892460659058
-0.1867671611368032,0.46393955,-0.6507067086755605,0.6507067086755605
-1.9051380641673212,-1.4794903,-0.42564778401595404,0.42564778401595404
-0.5392120173870147,-0.9671884,0.4279764005245148,0.4279764005245148
0.7684225109616699,-0.77022165,1.5386441615621034,1.5386441615621034
-1.4793374728941189,-1.9474398,0.4681023168779148,0.4681023168779148
-0.4459452555257278,0.4232543,-0.869199566610475,0.869199566610475
1.2545589801374128,0.47113144,0.7834275361600569,0.7834275361600569
2.6719955685067944,0.5509615,2.1210340740609936,2.1210340740609936
0.7376743324671067,0.7832703,-0.04559596696755519,0.04559596696755519
-0.3735618716889405,-0.7286732,0.3551113479918456,0.3551113479918456
1.36200023787716,1.058337,0.30366326468685245,0.30366326468685245
-0.7813066213788998,-2.1674278,1.3861211568651188,1.3861211568651188
0.2374115864840721,-0.45037702,0.6877886037436699,0.6877886037436699
-2.3637202846341285,-0.17744681,-2.1862734722428474,2.1862734722428474
-1.091141319396102,-1.1075927,0.016451382515824342,0.016451382515824342
1.340343116170304,0.68356013,0.6567829831899574,0.6567829831899574
0.5814441753472125,1.2252408,-0.643796651259538,0.643796651259538
-0.1134100739119663,0.1974776,-0.31088766792994876,0.31088766792994876
2.410962578233133,1.6827965,0.7281660999616486,0.7281660999616486
-0.7340892798684784,0.4684184,-1.2025076694272705,1.2025076694272705
0.4209870717211325,0.48052526,-0.05953818348211459,0.05953818348211459
-0.3088867754480845,-1.4561319,1.1472451596715443,1.1472451596715443
-2.3873133082001625,-0.66240865,-1.7249046582787453,1.7249046582787453
2.329115146816392,2.0712912,0.2578239385491803,0.2578239385491803
-0.6107183522475969,-0.35612094,-0.2545974082244645,0.2545974082244645
-0.7268894275243241,0.37272078,-1.099610205512758,1.099610205512758
-0.0474282985206681,-1.4691774,1.4217490667823713,1.4217490667823713
-0.3930609611547865,0.076508924,-0.46956988551983014,0.46956988551983014
1.0571333575968929,0.36731577,0.6898175884013362,0.6898175884013362
0.807271107144052,0.40464094,0.4026301643320861,0.4026301643320861
-1.4646189792409872,-1.5153558,0.050736846183207174,0.050736846183207174
-0.709096762465192,0.8199959,-1.5290926425921452,1.5290926425921452
1.078799900376249,0.40186477,0.676935133301664,0.676935133301664
1.5787146169001525,0.26011503,1.3185995894724791,1.3185995894724791
-0.49287259472237,0.259219,-0.7520915855251349,0.7520915855251349
-1.8515022601654052,-1.3699232,-0.4815790261795043,0.4815790261795043
-0.8542370182870661,-1.3724402,0.51820320063841,0.51820320063841
0.9600205348685558,0.40158147,0.5584390686705882,0.5584390686705882
0.5322816498437856,0.42613876,0.10614289118442277,0.10614289118442277
-1.9535377085355017,-1.6502227,-0.30331504942447873,0.30331504942447873
0.1153569873591116,0.6925308,-0.5771738234738657,0.5771738234738657
-0.685865892723633,0.2681535,-0.9540193813596498,0.9540193813596498
1.079849794083235,2.2925436,-1.212693855590227,1.212693855590227
-0.2391980774830042,-1.3809867,1.141788613038236,1.141788613038236
-0.1814907604517967,0.052444987,-0.2339357474508316,0.2339357474508316
1.352527721148475,1.3077134,0.04481433175180749,0.04481433175180749
-0.0154398242512821,-0.6750345,0.6595946987589718,0.6595946987589718
-0.8503414624444121,-1.1792258,0.3288843399771577,0.3288843399771577
0.8251602022223924,0.28757906,0.5375811426215623,0.5375811426215623
0.4852999569197096,0.70770097,-0.22240101086898667,0.22240101086898667
0.6168475420039652,1.185444,-0.5685964553791525,0.5685964553791525
-0.1885172006095341,-0.09947581,-0.08904139216789517,0.08904139216789517
0.2357634146798695,0.86108536,-0.6253219406019603,0.6253219406019603
-0.6103506006278835,-0.8408045,0.23045391664125103,0.23045391664125103
0.8350907041480543,1.3045917,-0.46950095158314686,0.46950095158314686
0.2437279098482285,0.3154423,-0.07171438403414149,0.07171438403414149
-0.7270082667694653,1.1598512,-1.8868594601975048,1.8868594601975048
0.6554833011473535,0.4855337,0.16994958685291994,0.16994958685291994
-0.5879907790197807,0.1700145,-0.7580052796377617,0.7580052796377617
-1.4855238726628976,0.14226922,-1.6277930965913492,1.6277930965913492
-2.318149942236616,-1.969045,-0.3491048992449777,0.3491048992449777
-0.6946703593478404,-0.43466693,-0.2600034277186595,0.2600034277186595
3.9053190446380657,1.7672716,2.1380474067215007,2.1380474067215007
-0.5768598934687441,0.8906736,-1.467533471254236,1.467533471254236
-0.3031963701361175,0.6782239,-0.9814202780836578,0.9814202780836578
-0.4170134534310237,-1.7761039,1.3590904007483586,1.3590904007483586
-0.9939571534343922,-1.9800394,0.9860822047046459,0.9860822047046459
-1.36190838441436,-1.6930023,0.3310939587634354,0.3310939587634354
-1.7968313957998543,-1.5471166,-0.24971475856993486,0.24971475856993486
-1.926745568796855,0.2137897,-2.1405352702586473,2.1405352702586473
1.107318775092557,0.9729374,0.13438136998315153,0.13438136998315153
3.0271130404187128,2.4422073,0.5849057039929315,0.5849057039929315
-0.362044130580709,-0.9428665,0.5808223736116433,0.5808223736116433
0.5432098528551489,0.8336025,-0.2903926351857752,0.2903926351857752
1.7111289299912888,0.9526537,0.7584752239175279,0.7584752239175279
-0.8819426088065988,-1.9687797,1.0868370743064992,1.0868370743064992
-0.093965669317758,0.34353805,-0.4375037152009367,0.4375037152009367
0.495579589869311,0.36914283,0.1264367594974543,0.1264367594974543
0.9580191521054232,0.9879178,-0.029898628770736457,0.029898628770736457
0.6245160108675706,1.1135849,-0.48906886519291526,0.48906886519291526
1.5317834357396527,-0.025463626,1.5572470615283414,1.5572470615283414
-1.5000565923113434,-1.2877634,-0.21229323514886778,0.21229323514886778
0.4880167861026688,0.5328732,-0.044856427188499415,0.044856427188499415
0.4431293356060416,0.16820015,0.27492918547386236,0.27492918547386236
0.5999262239107447,0.26779994,0.33212628022521307,0.33212628022521307
0.8082735661539068,0.6974821,0.11079145708408256,0.11079145708408256
0.1955338993165215,0.9039301,-0.7083962283041756,0.7083962283041756
0.9780984170917136,-0.37880602,1.356904441881524,1.356904441881524
-1.0029370851207906,-0.1805779,-0.8223591811348134,0.8223591811348134
-0.1793426689831429,0.32331565,-0.5026583192078286,0.5026583192078286
0.8253024628695885,0.7769959,0.048306565576497706,0.048306565576497706
1.3493293248257263,1.1028447,0.24648460970731811,0.24648460970731811
-3.5342775704046026,-1.0812447,-2.4530328632970586,2.4530328632970586
0.4930696649629481,0.930049,-0.43697933720761467,0.43697933720761467
1.1487083716628677,0.9002682,0.2484401746032363,0.2484401746032363
0.658024212680457,0.6607418,-0.0027175933498164717,0.0027175933498164717
4.222848942455875,1.3916476,2.8312013651701085,2.8312013651701085
-2.0140943118441914,-1.2770109,-0.7370833941806172,0.7370833941806172
0.1999415375693096,0.84544,-0.645498432924007,0.645498432924007
-0.130434672098368,1.1060494,-1.2364840905477699,1.2364840905477699
-0.990099611957528,-2.0325544,1.0424547760887366,1.0424547760887366
-0.0819452041802703,-0.15055163,0.06860642786642922,0.06860642786642922
-1.7351490678055148,-1.950263,0.21511395557095003,0.21511395557095003
-0.3103238859239089,0.8035335,-1.1138573803964125,1.1138573803964125
-1.8623844349794985,-1.1937824,-0.6686019862108827,0.6686019862108827
0.4752946231274807,-0.13881698,0.6141116056351864,0.6141116056351864
0.2879551897089419,0.3426032,-0.05464801692557958,0.05464801692557958
-1.144985015021429,-1.6386461,0.4936611107720281,0.4936611107720281
-0.1098841529757686,0.17148319,-0.28136734184333756,0.28136734184333756
-1.731048843120543,-1.6168233,-0.11422552750012072,0.11422552750012072
-0.5927012012663685,-1.7677482,1.1750470353898206,1.1750470353898206
-0.5949659671076387,0.6054098,-1.2003757681139557,1.2003757681139557
-1.1457723321129931,-0.21897331,-0.9267990233113421,0.9267990233113421
0.5857777518063413,0.84656835,-0.2607905942172183,0.2607905942172183
-0.8792487520503302,-1.3381523,0.4589035373402338,0.4589035373402338
1.76165943460088,1.4116653,0.3499941142044567,0.3499941142044567
1.323304313390693,2.5290177,-1.205713373453179,1.205713373453179
0.5506402958805089,0.58037376,-0.029733468157577048,0.029733468157577048
-0.9885677816668028,-1.7032181,0.7146503207883363,0.7146503207883363
0.091279634206903,-0.053814273,0.14509390753449203,0.14509390753449203
1.8564355179639436,0.10255384,1.7538816809626199,1.7538816809626199
-2.33708226057405,-1.4292283,-0.9078539547573996,0.9078539547573996
-1.6197383034303336,-0.12816682,-1.4915714788510948,1.4915714788510948
-2.2333171903019253,-0.3741754,-1.8591417907600705,1.8591417907600705
-3.758797247643811,-0.18445005,-3.5743472024158067,3.5743472024158067
0.7898063788826571,-0.6420462,1.4318525920326817,1.4318525920326817
0.9872909794972946,-0.13668405,1.1239750246928741,1.1239750246928741
0.1594753309111586,-0.03681391,0.19628924196171668,0.19628924196171668
1.5774080917550228,1.850845,-0.273436887531171,0.273436887531171
0.0654016605353769,0.15218699,-0.08678532924886383,0.08678532924886383
-0.0528995150816307,-0.10857141,0.05567189509750748,0.05567189509750748
1.693905688504863,1.7834135,-0.08950784089119423,0.08950784089119423
0.339809899902267,1.4944298,-1.1546199268341832,1.1546199268341832
0.047089296633582,0.12616807,-0.07907877559008133,0.07907877559008133
3.266649275916349,1.532395,1.7342542706902138,1.7342542706902138
-0.840060301017031,-0.06123581,-0.7788244894556849,0.7788244894556849
-0.2349337194453441,0.07152663,-0.30646035115825765,0.30646035115825765
-0.5403397054336339,-0.9550959,0.4147561817505092,0.4147561817505092
3.382052297603783,2.2922845,1.0897678089258043,1.0897678089258043
0.7973463581005513,0.8436165,-0.0462701274951518,0.0462701274951518
0.1715603284345775,0.27650496,-0.10494463520182082,0.10494463520182082
-2.5330474227178335,-1.4840498,-1.048997625659728,1.048997625659728
3.95312774529554,3.058123,0.8950046335706863,0.8950046335706863
-0.5445753269573784,-0.6230242,0.07844889827760693,0.07844889827760693
-3.758797247643811,-1.6337928,-2.125004489655835,2.125004489655835
5.918270459701075,0.66580844,5.252462020446314,5.252462020446314
0.8488999265115845,0.7169971,0.131902839509784,0.131902839509784
2.5420197523323873,0.54139507,2.000624684163747,2.000624684163747
0.7286794382323083,0.92130005,-0.19262061536418829,0.19262061536418829
-0.7708188680249003,-0.9118779,0.1410590025347921,0.1410590025347921
-1.856329802156191,-1.0016874,-0.8546423946625996,0.8546423946625996
0.0821634365581411,0.25158393,-0.16942049727212014,0.16942049727212014
-1.0553842146697,0.38068464,-1.4360688586535408,1.4360688586535408
2.3545635952515886,1.2614038,1.0931597961945818,1.0931597961945818
-1.3481773580848118,-0.2064862,-1.1416911627589603,1.1416911627589603
1.2204717079660312,0.17204365,1.0484280566236392,1.0484280566236392
-0.5896783839795752,-0.9014879,0.311809502926095,0.311809502926095
0.0839789812578179,1.3800261,-1.296047120808222,1.296047120808222
2.3898791276635185,0.57743806,1.8124410711945549,1.8124410711945549
1.2251786550444328,0.5105217,0.714656945125457,0.714656945125457
0.6551284546098435,0.36763507,0.28749338333222507,0.28749338333222507
1.3975340089971242,0.4841026,0.9134314022237477,0.9134314022237477
0.1666094244739088,0.8903075,-0.7236980615833727,0.7236980615833727
-0.2774439004495426,-0.2100768,-0.06736710642126043,0.06736710642126043
-0.5374004364511049,-1.2470348,0.709634351680609,0.709634351680609
-1.6963105760747397,-0.861015,-0.8352955542737448,0.8352955542737448
